id,NeuN,TMEM119,GFAP,OLIG2,area,y,x,label,label_sample
474,0.7675350701402806,28.35270541082164,0.0,2.7374749498997994,499,596.6352705410821,5136.2865731462925,microglia,microglia_V12D07-332_D1
620,2.173553719008265,35.50413223140496,0.0454545454545454,2.289256198347108,726,644.2506887052342,3688.177685950413,microglia,microglia_V12D07-332_D1
1302,1.3293650793650793,47.66269841269841,0.0257936507936507,2.2996031746031744,504,832.7420634920635,4975.86507936508,microglia,microglia_V12D07-332_D1
1841,0.1835443037974683,1.4208860759493671,0.4493670886075949,5.253164556962025,316,968.4683544303796,2328.028481012658,other,other_V12D07-332_D1
1849,0.432,4.232,0.1093333333333333,26.578666666666667,375,973.304,2587.2346666666667,other,other_V12D07-332_D1
2137,1.3547671840354767,89.50554323725055,0.0576496674057649,4.924611973392461,451,1049.29933481153,9981.49667405765,microglia,microglia_V12D07-332_D1
2321,0.2110091743119266,1.1972477064220184,1.853211009174312,3.573394495412844,218,1100.9908256880733,2454.467889908257,other,other_V12D07-332_D1
2351,0.219435736677116,13.871473354231975,0.0,1.0595611285266455,319,1113.2006269592478,4716.467084639498,microglia,microglia_V12D07-332_D1
2381,0.3693693693693693,1.9594594594594597,0.0045045045045045,3.6576576576576576,222,1119.5315315315315,2525.5945945945946,other,other_V12D07-332_D1
2627,0.7206349206349206,0.7523809523809524,0.0126984126984126,92.5047619047619,315,1182.6031746031747,1879.8444444444444,oligo,oligo_V12D07-332_D1
2747,1.0062893081761006,1.870020964360587,0.0482180293501048,20.031446540880506,477,1218.7358490566037,2337.20964360587,oligo,oligo_V12D07-332_D1
2771,0.4811320754716981,1.7735849056603774,0.0283018867924528,2.2830188679245285,106,1219.4245283018868,2524.603773584906,other,other_V12D07-332_D1
2807,1.1179941002949854,0.7669616519174042,0.0530973451327433,80.34808259587021,339,1236.2389380530974,1993.4188790560472,oligo,oligo_V12D07-332_D1
2821,0.9487179487179488,1.3553113553113554,0.315018315018315,5.124542124542124,273,1239.7875457875457,2350.153846153846,other,other_V12D07-332_D1
2873,1.3333333333333333,0.7522935779816514,0.2354740061162079,104.78899082568807,327,1251.954128440367,1995.217125382263,oligo,oligo_V12D07-332_D1
2897,1.5514950166112955,0.946843853820598,0.0730897009966777,12.69435215946844,301,1258.4817275747507,1590.797342192691,other,other_V12D07-332_D1
2927,0.6643835616438356,0.702054794520548,0.0376712328767123,2.866438356164384,292,1267.75,1579.8219178082193,other,other_V12D07-332_D1
3238,0.3710247349823322,0.9717314487632508,0.0318021201413427,5.424028268551237,283,1357.770318021201,2031.5865724381624,other,other_V12D07-332_D1
3283,0.6395348837209303,2.003875968992248,1.248062015503876,9.19767441860465,258,1372.0077519379845,2047.1434108527133,other,other_V12D07-332_D1
3290,1.106280193236715,0.5024154589371981,5.613526570048309,72.21256038647343,207,1376.5990338164252,2032.3091787439612,oligo,oligo_V12D07-332_D1
3426,0.7119741100323624,4.035598705501618,9.135922330097088,62.728155339805824,309,1414.7087378640776,2191.695792880259,oligo,oligo_V12D07-332_D1
3605,0.1545454545454545,2.2,1.4636363636363636,3.412121212121212,330,1468.5939393939393,4528.163636363636,other,other_V12D07-332_D1
3609,0.5431754874651811,2.7910863509749304,1.434540389972145,2.264623955431755,359,1469.3704735376043,4403.983286908078,other,other_V12D07-332_D1
3912,1.6732394366197183,48.72676056338028,0.7323943661971831,3.4140845070422534,355,1548.461971830986,4425.281690140845,microglia,microglia_V12D07-332_D1
3999,0.0679245283018867,4.8,1.139622641509434,2.70566037735849,265,1565.5132075471697,4525.962264150943,other,other_V12D07-332_D1
4436,2.375809935205184,83.94816414686825,0.0475161987041036,6.736501079913607,463,1680.976241900648,10844.764578833694,microglia,microglia_V12D07-332_D1
5115,1.7968036529680365,5.253424657534247,1.6621004566210045,6.525114155251141,438,1847.680365296804,11066.988584474886,other,other_V12D07-332_D1
5140,3.107296137339056,71.05364806866953,0.8841201716738197,6.954935622317596,466,1853.605150214592,11241.52575107296,microglia,microglia_V12D07-332_D1
5180,3.771992818671454,83.03052064631957,0.7989228007181328,6.745062836624776,557,1863.7324955116696,11835.606822262118,microglia,microglia_V12D07-332_D1
5186,3.458003169572108,80.75911251980983,0.0855784469096671,6.315372424722662,631,1867.014263074485,11684.895404120443,microglia,microglia_V12D07-332_D1
5712,2.7765726681127982,53.45227765726681,0.8828633405639913,10.928416485900216,922,1992.198481561822,10670.505422993492,microglia,microglia_V12D07-332_D1
5874,1.9577167019027484,8.10782241014799,0.945031712473573,82.19027484143763,473,2031.029598308668,3753.3255813953488,oligo,oligo_V12D07-332_D1
6095,1.5777777777777775,5.692063492063492,0.0857142857142857,65.72063492063492,315,2088.222222222222,4141.0,oligo,oligo_V12D07-332_D1
6173,3.1129032258064515,10.900537634408602,0.1021505376344086,55.39247311827957,372,2113.1612903225805,3964.3413978494623,oligo,oligo_V12D07-332_D1
6182,0.3821656050955414,2.477707006369427,0.1528662420382165,74.12101910828025,314,2114.5382165605097,3573.0955414012737,oligo,oligo_V12D07-332_D1
6220,4.094387755102041,10.64030612244898,0.048469387755102,72.49489795918367,392,2126.0408163265306,3947.464285714286,oligo,oligo_V12D07-332_D1
6273,43.77260981912145,7.356589147286821,1.7906976744186047,1.372093023255814,387,2141.3565891472867,887.6201550387597,neuron,neuron_V12D07-332_D1
6336,44.171497584541065,4.876811594202898,2.6449275362318843,1.142512077294686,414,2160.958937198068,905.5579710144928,neuron,neuron_V12D07-332_D1
6367,45.559322033898304,2.9703389830508478,0.3347457627118644,1.4661016949152543,236,2163.4025423728813,1089.207627118644,neuron,neuron_V12D07-332_D1
6371,50.076470588235296,3.197058823529412,3.073529411764706,1.5235294117647058,340,2169.8764705882354,935.6088235294118,neuron,neuron_V12D07-332_D1
6372,15.0,10.619402985074627,0.291044776119403,67.98134328358209,268,2167.417910447761,3970.3283582089553,oligo,oligo_V12D07-332_D1
6388,63.36654804270463,8.195729537366548,0.1352313167259786,13.95017793594306,281,2171.928825622776,3981.950177935943,neuron,neuron_V12D07-332_D1
6556,0.6666666666666666,0.7310924369747899,0.5798319327731093,108.7983193277311,357,2213.0448179271707,3560.887955182073,oligo,oligo_V12D07-332_D1
6575,59.41812865497076,10.467836257309942,0.0614035087719298,1.3216374269005848,342,2215.771929824561,1141.809941520468,neuron,neuron_V12D07-332_D1
7058,2.9525316455696204,10.075949367088608,0.0791139240506329,64.91772151898734,316,2328.854430379746,4338.022151898735,oligo,oligo_V12D07-332_D1
7241,1.966321243523316,40.24870466321244,0.9248704663212436,6.751295336787565,386,2373.6165803108806,4026.443005181347,microglia,microglia_V12D07-332_D1
7318,2.9710843373493976,48.91807228915663,3.0096385542168678,3.925301204819277,415,2390.587951807229,4698.650602409639,microglia,microglia_V12D07-332_D1
7347,5.047151277013753,84.80943025540275,0.1886051080550098,43.47347740667976,509,2402.638506876228,4182.917485265226,microglia,microglia_V12D07-332_D1
7349,2.9480286738351253,9.005376344086022,0.4641577060931899,86.57347670250896,558,2398.89247311828,3916.048387096774,oligo,oligo_V12D07-332_D1
7373,1.756993006993007,5.337412587412588,0.1923076923076923,93.6695804195804,572,2407.083916083916,3952.208041958042,oligo,oligo_V12D07-332_D1
7707,1.948220064724919,2.692556634304207,0.43042071197411,4.15210355987055,309,2486.061488673139,4494.071197411004,other,other_V12D07-332_D1
8094,1.3445378151260503,17.695798319327732,0.6773109243697479,6.036974789915966,595,2588.594957983193,4529.805042016807,microglia,microglia_V12D07-332_D1
10288,1.555858310626703,1.212534059945504,0.8092643051771117,23.46866485013624,367,3127.882833787466,1749.1144414168937,other,other_V12D07-332_D1
10333,2.4347826086956523,3.5319693094629154,1.421994884910486,48.69820971867008,391,3138.9641943734014,1762.7365728900256,oligo,oligo_V12D07-332_D1
10478,2.4752186588921283,1.717201166180758,6.85131195335277,36.55102040816327,343,3171.3673469387754,1516.571428571429,oligo,oligo_V12D07-332_D1
10532,11.328888888888889,7.417777777777777,5.524444444444445,106.48,225,3180.0622222222223,1616.7422222222222,oligo,oligo_V12D07-332_D1
10538,3.165730337078652,1.9691011235955056,0.9410112359550562,129.8005617977528,356,3185.3061797752807,1939.002808988764,oligo,oligo_V12D07-332_D1
10562,2.610738255033557,0.7248322147651006,4.197986577181208,92.63087248322148,298,3188.077181208054,1484.0838926174497,oligo,oligo_V12D07-332_D1
10615,68.28491620111731,52.43016759776536,0.1675977653631284,0.6536312849162011,179,3199.463687150838,1863.932960893855,neuron,neuron_V12D07-332_D1
10780,4.561068702290076,2.8587786259541983,4.6603053435114505,102.69847328244276,262,3237.912213740458,2821.9732824427483,oligo,oligo_V12D07-332_D1
10805,3.805970149253731,1.0686567164179104,6.277611940298508,55.54328358208955,335,3244.7223880597016,1519.8059701492537,oligo,oligo_V12D07-332_D1
10814,37.71128608923885,2.5013123359580054,3.20997375328084,5.963254593175853,381,3249.813648293963,2834.89501312336,neuron,neuron_V12D07-332_D1
11006,30.934604904632156,2.863760217983651,5.801089918256131,1.7193460490463215,367,3286.7520435967303,2860.547683923706,neuron,neuron_V12D07-332_D1
11033,5.424083769633508,0.6335078534031413,15.43979057591623,86.69633507853403,191,3289.3717277486912,1456.5340314136126,oligo,oligo_V12D07-332_D1
11096,4.825857519788919,6.029023746701847,3.6015831134564644,33.556728232189975,379,3305.67018469657,1600.2717678100264,oligo,oligo_V12D07-332_D1
11184,35.10344827586207,1.4724137931034482,7.403448275862069,1.7,290,3327.231034482759,2974.937931034483,neuron,neuron_V12D07-332_D1
11340,35.76,2.5527272727272727,22.44727272727273,0.9963636363636365,275,3357.0872727272726,2862.0472727272727,neuron,neuron_V12D07-332_D1
11399,46.148058252427184,4.223300970873787,3.351941747572816,2.2936893203883497,412,3372.966019417476,2576.3883495145637,neuron,neuron_V12D07-332_D1
11486,64.04428044280442,6.232472324723247,1.671586715867159,2.309963099630996,271,3388.6937269372693,2526.214022140221,neuron,neuron_V12D07-332_D1
11634,56.46666666666667,3.6814814814814816,0.891358024691358,5.51604938271605,405,3425.982716049383,2375.234567901234,neuron,neuron_V12D07-332_D1
11732,51.874709976798144,8.415313225058005,0.7726218097447796,2.6496519721577725,431,3447.8515081206497,2684.677494199536,neuron,neuron_V12D07-332_D1
11772,48.0311004784689,7.662679425837321,0.3157894736842105,2.4976076555023923,418,3452.787081339713,2476.688995215311,neuron,neuron_V12D07-332_D1
11862,51.58244680851064,2.23936170212766,7.960106382978723,2.242021276595745,376,3469.976063829787,2926.7101063829787,neuron,neuron_V12D07-332_D1
11885,40.23614457831325,4.881927710843374,0.8120481927710843,3.269879518072289,415,3476.50843373494,2901.602409638554,neuron,neuron_V12D07-332_D1
12108,61.81073446327684,4.166666666666667,0.3728813559322034,3.957627118644068,354,3526.8418079096045,2589.9576271186443,neuron,neuron_V12D07-332_D1
13490,2.9122257053291536,0.9467084639498432,2.2131661442006267,72.70532915360502,319,3856.1473354231975,1558.7774294670846,oligo,oligo_V12D07-332_D1
13886,4.569131832797428,16.073954983922828,0.2122186495176848,55.11897106109325,311,3949.797427652733,1374.3890675241155,oligo,oligo_V12D07-332_D1
14246,2.96896551724138,1.1310344827586207,0.4413793103448276,81.92758620689655,290,4043.210344827586,1487.5827586206897,oligo,oligo_V12D07-332_D1
15001,1.3098591549295775,0.3501006036217304,1.386317907444668,54.01609657947686,497,4253.17907444668,1717.112676056338,oligo,oligo_V12D07-332_D1
15161,1.7315634218289089,9.321533923303836,0.8112094395280236,1.3097345132743363,339,4303.407079646017,808.212389380531,microglia,microglia_V12D07-332_D1
15644,81.61160714285714,5.770089285714286,0.0982142857142857,2.84375,448,4433.214285714285,920.5424107142856,neuron,neuron_V12D07-332_D1
15901,68.44658119658119,6.707264957264957,3.5705128205128207,0.7307692307692307,468,4500.232905982906,962.2905982905984,neuron,neuron_V12D07-332_D1
16108,86.37022900763358,6.963740458015267,0.0,2.0744274809160306,524,4560.419847328244,998.175572519084,neuron,neuron_V12D07-332_D1
16733,16.45940959409594,6.972324723247232,0.003690036900369,3.380073800738008,542,4729.854243542435,7999.39852398524,neuron,neuron_V12D07-332_D1
17269,19.319654427645787,5.760259179265659,0.0151187904967602,3.570194384449244,463,4877.680345572354,7858.645788336933,neuron,neuron_V12D07-332_D1
17399,0.9925187032418952,1.0299251870324189,2.266832917705736,28.870324189526183,401,4918.11970074813,9379.81795511222,oligo,oligo_V12D07-332_D1
17416,17.015418502202643,5.229074889867841,4.6629955947136565,3.4317180616740086,454,4919.590308370044,8067.7400881057265,neuron,neuron_V12D07-332_D1
17643,19.070866141732285,4.2047244094488185,0.3326771653543307,5.271653543307087,508,4981.881889763779,8090.917322834645,neuron,neuron_V12D07-332_D1
17679,15.934156378600823,2.6666666666666665,0.7181069958847737,9.491769547325102,486,4993.569958847736,8187.057613168724,neuron,neuron_V12D07-332_D1
17713,2.121890547263681,4.72636815920398,29.08208955223881,73.8731343283582,402,5003.674129353234,9481.962686567163,oligo,oligo_V12D07-332_D1
17791,3.295918367346939,4.438775510204081,58.41326530612245,24.127551020408163,196,5024.841836734694,9467.57142857143,astrocyte,astrocyte_V12D07-332_D1
17903,0.9537480063795852,6.875598086124402,15.947368421052632,64.74960127591707,627,5063.556618819776,9507.263157894737,oligo,oligo_V12D07-332_D1
17913,1.5048543689320388,1.8470873786407769,14.53883495145631,65.88106796116504,412,5063.718446601942,9340.283980582524,oligo,oligo_V12D07-332_D1
18095,2.2554744525547443,1.0474452554744529,53.86131386861314,1.9343065693430657,274,5113.766423357664,9791.744525547443,astrocyte,astrocyte_V12D07-332_D1
18340,82.09246575342466,9.085616438356164,0.1506849315068493,1.2123287671232876,292,5176.325342465753,2033.2020547945208,neuron,neuron_V12D07-332_D1
18649,73.92082616179002,6.924268502581755,0.3459552495697074,3.5456110154905334,581,5271.960413080895,2172.8777969018934,neuron,neuron_V12D07-332_D1
18707,64.30975609756098,2.9414634146341463,0.0073170731707317,5.4609756097560975,410,5282.5609756097565,2037.3756097560977,neuron,neuron_V12D07-332_D1
19006,69.21007194244605,7.287769784172662,2.415827338129497,7.423021582733813,695,5364.1294964028775,9047.607194244603,neuron,neuron_V12D07-332_D1
19232,21.320627802690584,6.594170403587444,0.1838565022421524,2.905829596412556,446,5427.5156950672645,8123.237668161435,neuron,neuron_V12D07-332_D1
19279,21.215584415584416,24.09090909090909,0.0,0.0,385,5441.38961038961,8397.654545454545,neuron,neuron_V12D07-332_D1
19596,28.40301724137931,2.5581896551724137,0.0991379310344827,4.331896551724138,464,5523.137931034483,7418.547413793103,neuron,neuron_V12D07-332_D1
19916,32.822784810126585,18.60126582278481,0.0063291139240506,7.405063291139241,316,5607.484177215189,8358.443037974683,neuron,neuron_V12D07-332_D1
19925,59.09818181818182,62.018181818181816,0.0,0.2145454545454545,275,5610.076363636364,350.1781818181818,neuron,neuron_V12D07-332_D1
20114,1.4704370179948587,1.218508997429306,18.37789203084833,108.96915167095116,389,5668.390745501285,9486.6940874036,oligo,oligo_V12D07-332_D1
20172,2.2896995708154506,4.281115879828326,13.74892703862661,63.09227467811159,466,5684.587982832618,9459.856223175966,oligo,oligo_V12D07-332_D1
20216,56.36569579288026,5.207119741100324,0.0,2.6084142394822005,309,5697.857605177994,232.37540453074436,neuron,neuron_V12D07-332_D1
20237,1.304945054945055,1.8269230769230769,17.054945054945055,70.83791208791209,364,5701.8626373626375,9444.398351648351,oligo,oligo_V12D07-332_D1
20238,3.1975806451612905,12.661290322580646,15.959677419354838,87.18951612903226,248,5700.314516129032,9467.560483870968,oligo,oligo_V12D07-332_D1
20312,110.24385633270322,6.80718336483932,0.0586011342155009,7.083175803402646,529,5727.22495274102,2425.761814744801,neuron,neuron_V12D07-332_D1
20318,26.28645833333333,8.109375,0.125,4.322916666666667,384,5725.260416666667,7342.0078125,neuron,neuron_V12D07-332_D1
20360,18.15909090909091,7.454545454545454,0.0268595041322314,1.4793388429752066,484,5738.5,8566.030991735537,neuron,neuron_V12D07-332_D1
20382,27.284294234592444,3.143141153081511,0.125248508946322,3.624254473161034,503,5740.453280318092,7261.636182902585,neuron,neuron_V12D07-332_D1
20429,3.813397129186603,3.3181818181818183,47.22727272727273,0.1626794258373205,418,5752.471291866029,9488.423444976075,astrocyte,astrocyte_V12D07-332_D1
20566,90.38888888888889,17.32367149758454,0.1231884057971014,1.0048309178743962,414,5794.922705314009,621.4130434782609,neuron,neuron_V12D07-332_D1
20807,1.7106382978723405,1.278723404255319,7.593617021276596,105.67872340425532,470,5867.463829787234,9224.355319148935,oligo,oligo_V12D07-332_D1
20843,71.74271844660194,4.320388349514563,3.8592233009708736,3.987864077669903,412,5881.461165048544,2162.053398058252,neuron,neuron_V12D07-332_D1
20851,62.63157894736842,3.5282651072124755,0.4912280701754385,3.754385964912281,513,5885.323586744639,2547.9083820662768,neuron,neuron_V12D07-332_D1
20872,69.40665434380776,2.190388170055453,2.292051756007394,3.049907578558225,541,5885.336414048059,2073.264325323475,neuron,neuron_V12D07-332_D1
20874,2.0841121495327104,8.149532710280374,18.74299065420561,16.27803738317757,428,5884.327102803738,9104.373831775702,oligo,oligo_V12D07-332_D1
20918,30.944444444444443,2.9917695473251027,6.3559670781893,2.9897119341563787,486,5897.981481481482,9176.921810699589,neuron,neuron_V12D07-332_D1
21100,1.0147058823529411,8.069852941176471,7.011029411764706,0.0992647058823529,272,5950.613970588235,9027.54411764706,other,other_V12D07-332_D1
21103,0.7959183673469388,1.6811224489795915,2.346938775510204,45.267857142857146,392,5952.609693877551,9060.905612244898,oligo,oligo_V12D07-332_D1
21354,1.973837209302325,0.75,5.447674418604652,11.994186046511627,344,6021.281976744186,4300.767441860465,other,other_V12D07-332_D1
21357,2.761658031088083,2.979274611398964,3.1243523316062176,74.23316062176166,386,6023.336787564767,4319.50518134715,oligo,oligo_V12D07-332_D1
21441,61.06472919418759,6.130779392338177,9.996036988110964,5.840158520475561,757,6049.972258916777,3827.038309114928,neuron,neuron_V12D07-332_D1
21455,49.83122362869198,10.263713080168776,9.432489451476794,5.327004219409282,474,6049.2531645569625,3802.761603375528,neuron,neuron_V12D07-332_D1
21495,58.13761467889909,6.779816513761468,6.6422018348623855,3.9755351681957194,327,6062.091743119266,3845.05504587156,neuron,neuron_V12D07-332_D1
21515,17.966480446927374,3.5623836126629422,0.1173184357541899,2.7150837988826817,537,6064.651769087524,7493.562383612663,neuron,neuron_V12D07-332_D1
21548,46.375,6.658854166666667,0.1067708333333333,10.4375,384,6072.1328125,7806.8359375,neuron,neuron_V12D07-332_D1
21597,65.5495867768595,8.832644628099173,11.481404958677686,3.40702479338843,484,6089.262396694215,3807.035123966942,neuron,neuron_V12D07-332_D1
21598,2.6832298136645965,0.2981366459627329,2.5341614906832297,1.7826086956521738,161,6084.024844720497,4101.366459627329,other,other_V12D07-332_D1
21693,55.52871287128713,3.732673267326733,1.98019801980198,2.0633663366336634,505,6112.364356435644,3878.5544554455446,neuron,neuron_V12D07-332_D1
21717,27.161073825503355,4.565995525727069,0.0850111856823266,5.485458612975392,447,6116.838926174497,7422.044742729307,neuron,neuron_V12D07-332_D1
21852,4.875647668393782,0.5129533678756477,1.362694300518135,2.7512953367875648,193,6150.968911917098,4164.300518134715,other,other_V12D07-332_D1
21897,42.863861386138616,2.68069306930693,11.448019801980198,2.363861386138614,404,6168.891089108911,3659.024752475248,neuron,neuron_V12D07-332_D1
21958,3.1526104417670684,3.5060240963855422,1.7751004016064258,5.044176706827309,249,6185.164658634538,4495.18875502008,other,other_V12D07-332_D1
21974,8.389751552795031,16.055900621118013,1.3571428571428572,2.607142857142857,644,6199.228260869565,4509.610248447205,other,other_V12D07-332_D1
22023,1.968253968253968,1.6587301587301588,1.0992063492063493,6.226190476190476,252,6204.7817460317465,4486.952380952381,other,other_V12D07-332_D1
22085,1.6397058823529411,3.555147058823529,0.4264705882352941,5.764705882352941,272,6219.275735294118,4485.261029411765,other,other_V12D07-332_D1
22095,1.346031746031746,0.7015873015873015,2.984126984126984,97.31746031746032,315,6225.638095238095,4459.44126984127,oligo,oligo_V12D07-332_D1
22109,56.72492836676218,13.84813753581662,0.4871060171919771,4.134670487106018,349,6229.252148997135,8082.962750716332,neuron,neuron_V12D07-332_D1
22111,1.9651162790697676,2.686046511627907,1.1744186046511629,7.430232558139535,172,6226.290697674419,4499.930232558139,other,other_V12D07-332_D1
22118,3.5647058823529414,0.638235294117647,4.226470588235294,2.4088235294117646,340,6232.670588235294,4148.073529411765,other,other_V12D07-332_D1
22119,1.718503937007874,3.047244094488189,1.872047244094488,6.234251968503937,508,6242.761811023622,4507.11220472441,other,other_V12D07-332_D1
22132,55.6267942583732,8.186602870813397,4.157894736842105,1.4138755980861244,418,6237.715311004785,3654.062200956938,neuron,neuron_V12D07-332_D1
22139,2.3745019920318726,1.199203187250996,0.3904382470119522,20.18326693227092,251,6239.916334661355,4524.207171314741,other,other_V12D07-332_D1
22148,1.0107913669064748,4.715827338129497,0.0863309352517985,7.18705035971223,278,6238.723021582734,4492.003597122302,other,other_V12D07-332_D1
22180,0.9233576642335768,7.222627737226277,1.2773722627737227,4.153284671532846,274,6249.153284671533,4232.259124087591,other,other_V12D07-332_D1
22194,3.1655172413793102,1.2551724137931035,2.1333333333333333,2.6919540229885057,435,6253.8,4287.00459770115,other,other_V12D07-332_D1
22244,0.8534031413612565,1.1465968586387434,1.243455497382199,5.348167539267016,382,6271.824607329843,4493.102094240838,other,other_V12D07-332_D1
22463,64.12240184757506,8.969976905311778,2.722863741339492,2.464203233256351,433,6328.540415704388,3897.877598152425,neuron,neuron_V12D07-332_D1
22493,7.564935064935065,5.993506493506493,86.38311688311688,0.0129870129870129,154,6332.844155844156,5704.181818181818,astrocyte,astrocyte_V12D07-332_D1
22514,0.6254501800720288,3.4081632653061225,7.503001200480192,39.9639855942377,833,6350.037214885954,5279.689075630252,oligo,oligo_V12D07-332_D1
22578,2.9239001189060643,27.84304399524376,7.0225921521997625,6.6884661117717,841,6369.5909631391205,5240.14744351962,microglia,microglia_V12D07-332_D1
22629,55.88631578947368,1.6210526315789473,3.9305263157894736,4.547368421052632,475,6374.185263157895,4176.168421052632,neuron,neuron_V12D07-332_D1
22650,38.4936170212766,9.6,2.0617021276595744,2.5638297872340425,470,6378.304255319149,4018.995744680851,neuron,neuron_V12D07-332_D1
22731,4.084269662921348,10.235955056179776,5.031835205992509,84.06741573033707,534,6403.063670411985,5334.998127340824,oligo,oligo_V12D07-332_D1
22748,43.49455337690632,2.980392156862745,3.644880174291939,3.812636165577342,459,6407.697167755991,4045.6601307189535,neuron,neuron_V12D07-332_D1
22755,1.2976744186046512,3.1023255813953488,6.911627906976745,44.437209302325584,430,6408.1906976744185,5462.839534883721,oligo,oligo_V12D07-332_D1
22783,1.1071428571428572,5.798469387755102,3.4056122448979598,35.099489795918366,392,6418.59693877551,5259.698979591837,oligo,oligo_V12D07-332_D1
22836,70.38489208633094,3.564748201438849,4.841726618705036,24.67625899280576,278,6426.255395683454,5332.435251798561,neuron,neuron_V12D07-332_D1
22878,0.9255499153976312,5.150592216582064,3.7800338409475462,34.575296108291035,591,6442.175972927242,5265.925549915398,oligo,oligo_V12D07-332_D1
22886,6.250591016548463,11.749408983451536,1.2576832151300237,74.08274231678487,423,6443.267139479905,5329.936170212766,oligo,oligo_V12D07-332_D1
22946,1.572490706319703,8.174721189591079,3.1189591078066914,55.0371747211896,269,6456.959107806692,5356.204460966543,oligo,oligo_V12D07-332_D1
22971,1.662531017369727,8.957816377171216,6.225806451612903,52.40198511166253,403,6466.349875930521,5370.799007444169,oligo,oligo_V12D07-332_D1
22989,53.429850746268656,7.280597014925373,1.382089552238806,4.098507462686567,335,6468.534328358209,3644.379104477612,neuron,neuron_V12D07-332_D1
23035,1.5032258064516129,1.867741935483871,2.441935483870968,45.41612903225806,310,6479.554838709678,5267.464516129032,oligo,oligo_V12D07-332_D1
23092,2.442359249329759,4.458445040214477,9.327077747989277,34.05361930294906,373,6495.710455764075,5473.69436997319,oligo,oligo_V12D07-332_D1
23308,70.22938144329896,3.502577319587629,5.193298969072165,2.3737113402061856,388,6552.201030927835,3669.613402061856,neuron,neuron_V12D07-332_D1
23864,60.79642058165548,4.073825503355705,0.5928411633109619,3.977628635346756,447,6691.82326621924,4148.208053691275,neuron,neuron_V12D07-332_D1
23996,65.84868421052632,5.526315789473684,2.473684210526316,2.5032894736842106,304,6723.944078947368,3814.2368421052633,neuron,neuron_V12D07-332_D1
24200,1.4090909090909092,2.9832535885167464,17.57894736842105,0.9521531100478468,418,6776.473684210527,9582.38995215311,astrocyte,astrocyte_V12D07-332_D1
24803,1.4,2.285333333333333,35.434666666666665,1.7333333333333334,375,6932.725333333334,9413.469333333333,astrocyte,astrocyte_V12D07-332_D1
26698,0.5948827292110874,23.19616204690832,1.9914712153518124,4.008528784648187,469,7439.705756929638,10704.846481876331,microglia,microglia_V12D07-332_D1
26887,11.948012232415902,9.131498470948012,150.05810397553518,0.0152905198776758,327,7486.064220183486,5825.269113149847,astrocyte,astrocyte_V12D07-332_D1
27030,0.8631178707224335,4.29277566539924,30.05703422053232,1.0342205323193916,263,7515.593155893536,9568.703422053231,astrocyte,astrocyte_V12D07-332_D1
27151,4.379725085910653,36.40893470790378,0.986254295532646,10.18041237113402,582,7550.689003436426,11241.556701030928,microglia,microglia_V12D07-332_D1
27216,1.810169491525424,1.5627118644067797,32.989830508474576,1.6271186440677967,295,7557.833898305084,9287.833898305083,astrocyte,astrocyte_V12D07-332_D1
27270,1.8956521739130436,3.1826086956521737,33.38840579710145,96.25797101449275,345,7572.675362318841,5713.246376811594,oligo,oligo_V12D07-332_D1
27285,2.235565819861432,1.926096997690531,46.36258660508083,0.3556581986143187,433,7579.237875288683,9576.076212471133,astrocyte,astrocyte_V12D07-332_D1
27427,1.6353276353276354,2.2507122507122506,24.64957264957265,72.73504273504274,351,7610.9002849002845,6211.361823361824,astrocyte,astrocyte_V12D07-332_D1
27468,2.0542857142857143,12.748571428571427,46.81142857142857,3.2114285714285717,350,7620.231428571428,5618.748571428571,astrocyte,astrocyte_V12D07-332_D1
28853,5.839530332681018,3.681017612524462,73.49902152641879,30.09784735812133,511,7937.275929549902,5763.362035225049,astrocyte,astrocyte_V12D07-332_D1
29879,2.574898785425101,1.680161943319838,51.65182186234818,0.4534412955465587,247,8163.1983805668015,9099.655870445344,astrocyte,astrocyte_V12D07-332_D1
29987,0.9285714285714286,1.335907335907336,28.38416988416989,58.88996138996139,518,8191.847490347491,9061.45945945946,oligo,oligo_V12D07-332_D1
30001,2.636678200692041,5.591695501730104,54.017301038062286,2.0069204152249136,289,8185.024221453287,9080.034602076124,other,other_V12D07-332_D1
30011,2.906801007556675,2.123425692695214,49.3073047858942,0.3198992443324937,397,8191.76322418136,9096.909319899243,other,other_V12D07-332_D1
35009,6.335135135135135,6.75945945945946,98.14324324324323,0.0,370,9550.994594594596,8677.967567567568,astrocyte,astrocyte_V12D07-332_D1
35293,5.351409978308026,8.82646420824295,31.067245119305856,0.2212581344902386,461,9634.919739696312,8742.162689804773,astrocyte,astrocyte_V12D07-332_D1
35307,1.815217391304348,1.2826086956521738,36.33695652173913,0.1005434782608695,368,9639.432065217392,8630.252717391304,astrocyte,astrocyte_V12D07-332_D1
36663,0.508,18.6,38.304,0.0,250,10038.616,9084.632,astrocyte,astrocyte_V12D07-332_D1
49387,4.719424460431655,8.964028776978417,95.85971223021583,0.0,278,13751.629496402878,7378.780575539568,astrocyte,astrocyte_V12D07-332_D1
49419,7.51010101010101,7.608585858585859,102.37121212121212,0.005050505050505,396,13763.689393939394,7347.813131313132,astrocyte,astrocyte_V12D07-332_D1
49655,10.632241813602016,11.838790931989925,0.6397984886649875,1.0,397,13849.609571788413,7502.748110831234,neuron,neuron_V12D07-332_D1
49978,0.5732758620689655,6.5344827586206895,2.530172413793104,16.719827586206897,232,13955.06896551724,6751.956896551724,other,other_V12D07-332_D1
50009,3.408482142857143,15.258928571428571,4.058035714285714,2.2410714285714284,448,13969.779017857143,6744.725446428572,other,other_V12D07-332_D1
50058,0.7125,8.716666666666667,11.504166666666666,3.1666666666666665,240,13983.454166666666,6770.675,other,other_V12D07-332_D1
50069,3.102777777777778,4.627777777777778,13.897222222222222,2.980555555555556,360,13989.527777777776,6754.241666666667,other,other_V12D07-332_D1
50717,2.306122448979592,3.312925170068027,57.39455782312925,20.62244897959184,294,14190.326530612245,7939.670068027211,astrocyte,astrocyte_V12D07-332_D1
50874,5.97907949790795,4.98744769874477,95.22175732217572,0.0,239,14238.640167364018,7981.468619246862,astrocyte,astrocyte_V12D07-332_D1
50897,3.104377104377104,10.68013468013468,96.42087542087542,0.0067340067340067,297,14249.41414141414,7910.03367003367,astrocyte,astrocyte_V12D07-332_D1
50900,28.81422924901186,23.715415019762847,0.075098814229249,1.865612648221344,253,14253.316205533596,969.901185770751,neuron,neuron_V12D07-332_D1
51077,9.739263803680982,7.8496932515337425,1.4478527607361964,0.8957055214723927,326,14301.739263803682,1226.585889570552,neuron,neuron_V12D07-332_D1
51171,23.361185983827493,12.226415094339623,0.0242587601078167,1.9137466307277629,371,14330.55795148248,1166.5956873315365,neuron,neuron_V12D07-332_D1
51396,12.589928057553957,4.079136690647482,3.8093525179856114,0.5431654676258992,278,14396.381294964029,885.8956834532374,neuron,neuron_V12D07-332_D1
51641,9.985074626865671,13.11727078891258,1.1982942430703625,1.0831556503198294,469,14478.79104477612,1261.8912579957355,neuron,neuron_V12D07-332_D1
51756,5.706632653061225,4.803571428571429,68.59438775510205,0.1556122448979592,392,14510.372448979591,7747.8545918367345,astrocyte,astrocyte_V12D07-332_D1
52433,1.3213367609254498,23.23650385604113,23.681233933161955,2.079691516709512,389,14724.714652956298,2733.637532133676,microglia,microglia_V12D07-332_D1
52442,16.8175,3.0825,0.8575,1.7825,400,14731.47,2866.7175,neuron,neuron_V12D07-332_D1
52756,4.5606060606060606,2.367424242424242,53.30681818181818,0.0643939393939393,264,14806.443181818182,3379.280303030303,astrocyte,astrocyte_V12D07-332_D1
53294,5.054151624548736,2.723826714801444,81.61191335740072,9.842960288808664,554,14979.317689530686,7414.873646209387,astrocyte,astrocyte_V12D07-332_D1
53640,1.2128279883381925,1.5830903790087465,25.61516034985423,3.924198250728863,343,15098.91253644315,3316.921282798834,astrocyte,astrocyte_V12D07-332_D1
54641,2.5592515592515594,9.12058212058212,32.41372141372141,60.38253638253638,481,15434.721413721414,3008.201663201663,oligo,oligo_V12D07-332_D1
54711,9.09641873278237,31.917355371900825,75.76859504132231,0.0,363,15463.69696969697,6593.873278236914,microglia,microglia_V12D07-332_D1
55023,1.6419213973799127,96.6113537117904,10.537117903930133,1.4192139737991267,229,15638.034934497817,7671.510917030568,microglia,microglia_V12D07-332_D1
4234,2.0953488372093023,35.2906976744186,0.9023255813953488,3.0046511627906978,430,2088.1279069767443,7118.895348837209,microglia,microglia_V12D07-335_D1
4307,1.841509433962264,20.547169811320757,1.2528301886792452,3.0037735849056606,265,2099.5245283018867,9543.135849056604,microglia,microglia_V12D07-335_D1
4387,1.4881889763779528,39.25459317585302,0.8923884514435696,3.5354330708661417,381,2117.92125984252,7186.677165354331,microglia,microglia_V12D07-335_D1
4468,3.335570469798658,34.36241610738255,1.5100671140939597,3.4328859060402683,298,2128.8389261744965,7634.057046979866,microglia,microglia_V12D07-335_D1
4701,6.699248120300752,50.30451127819549,0.9548872180451128,2.582706766917293,266,2169.533834586466,7489.413533834587,microglia,microglia_V12D07-335_D1
5078,38.0686274509804,8.058823529411764,1.392156862745098,11.514705882352942,204,2233.960784313725,9300.240196078432,neuron,neuron_V12D07-335_D1
5135,1.1102941176470589,26.051470588235293,2.176470588235294,6.522058823529412,136,2242.8823529411766,9378.04411764706,microglia,microglia_V12D07-335_D1
11221,15.223214285714286,13.75595238095238,0.1934523809523809,6.455357142857143,336,3278.8005952380954,9912.297619047618,neuron,neuron_V12D07-335_D1
11353,46.89383561643836,3.8835616438356166,0.9554794520547946,9.804794520547944,292,3303.222602739726,9849.530821917808,neuron,neuron_V12D07-335_D1
11564,28.772058823529413,17.113970588235293,2.6433823529411766,2.731617647058824,272,3344.8161764705883,10228.238970588236,neuron,neuron_V12D07-335_D1
11764,42.60949868073879,3.0079155672823217,1.3825857519788918,9.522427440633246,379,3383.6253298153038,10065.551451187335,neuron,neuron_V12D07-335_D1
11800,15.012618296529968,34.44794952681388,0.1924290220820189,24.08832807570978,317,3394.845425867508,9941.255520504732,neuron,neuron_V12D07-335_D1
11942,40.16,3.206153846153846,0.5169230769230769,8.11076923076923,325,3417.163076923077,9360.344615384616,neuron,neuron_V12D07-335_D1
12033,45.003460207612456,4.391003460207613,2.117647058823529,9.626297577854672,289,3435.349480968858,9408.667820069204,neuron,neuron_V12D07-335_D1
12112,43.18260869565217,1.4869565217391305,3.2,6.121739130434783,230,3449.3521739130438,10032.791304347826,neuron,neuron_V12D07-335_D1
12168,39.3904282115869,2.042821158690176,0.9017632241813602,10.493702770780857,397,3465.581863979849,10146.33249370277,neuron,neuron_V12D07-335_D1
12207,43.24495677233429,6.360230547550432,0.5331412103746398,15.1671469740634,347,3472.198847262248,10116.487031700288,neuron,neuron_V12D07-335_D1
13970,15.406976744186046,96.06395348837208,0.0116279069767441,24.531976744186046,344,3847.0203488372094,15111.037790697674,microglia,microglia_V12D07-335_D1
14787,13.027190332326285,40.88821752265861,0.0,72.57703927492447,331,4027.5045317220543,15007.9667673716,microglia,microglia_V12D07-335_D1
14796,1.4018264840182648,25.031963470319635,0.0,0.1141552511415525,219,4025.931506849315,9508.497716894975,microglia,microglia_V12D07-335_D1
16840,9.315040650406504,25.026422764227643,0.2337398373983739,42.34756097560975,492,4503.981707317073,7751.713414634146,oligo,oligo_V12D07-335_D1
16937,5.823008849557522,7.589970501474927,0.2595870206489675,33.501474926253685,339,4527.283185840708,7704.861356932153,oligo,oligo_V12D07-335_D1
17143,33.20540540540541,16.25945945945946,0.1045045045045045,10.077477477477478,555,4581.275675675675,7924.160360360361,neuron,neuron_V12D07-335_D1
17405,2.2735849056603774,6.004716981132075,0.2547169811320754,3.2169811320754715,212,4638.311320754717,5324.490566037736,other,other_V12D07-335_D1
17429,2.7674418604651163,1.870431893687708,0.2259136212624584,5.0365448504983386,301,4647.634551495016,5317.136212624585,other,other_V12D07-335_D1
17462,4.051724137931035,5.120689655172414,0.4827586206896552,5.1482758620689655,290,4658.731034482758,5336.093103448276,other,other_V12D07-335_D1
17743,92.41914893617022,12.293617021276596,0.0,2.7297872340425533,470,4734.695744680851,5431.591489361702,neuron,neuron_V12D07-335_D1
17792,1.366132723112128,1.9405034324942791,0.965675057208238,92.40045766590389,437,4737.496567505721,6975.04118993135,oligo,oligo_V12D07-335_D1
18241,73.35632183908046,9.164750957854404,0.0076628352490421,2.0900383141762453,522,4857.4731800766285,5213.461685823755,neuron,neuron_V12D07-335_D1
18466,2.3445121951219514,1.3018292682926829,0.25,94.8140243902439,328,4912.307926829269,6882.271341463415,oligo,oligo_V12D07-335_D1
18658,5.7984934086629005,5.446327683615819,0.071563088512241,21.40489642184557,531,4964.566854990584,5769.992467043315,oligo,oligo_V12D07-335_D1
18687,57.91193181818182,6.134943181818182,0.0099431818181818,2.566761363636364,704,4975.427556818182,5359.522727272727,neuron,neuron_V12D07-335_D1
18794,1.662591687041565,3.371638141809291,0.2029339853300733,97.3276283618582,409,4996.528117359413,6797.376528117359,oligo,oligo_V12D07-335_D1
18817,4.683453237410072,10.06115107913669,0.2194244604316546,47.21223021582734,278,4998.773381294964,5692.6294964028775,oligo,oligo_V12D07-335_D1
18827,15.598984771573605,10.588832487309643,0.1040609137055837,41.756345177664976,394,5003.456852791878,5832.203045685279,oligo,oligo_V12D07-335_D1
18839,64.37127371273712,8.75880758807588,0.1734417344173441,4.880758807588076,369,5005.243902439024,5898.322493224932,neuron,neuron_V12D07-335_D1
18861,70.91643454038997,5.740947075208914,0.2284122562674094,5.972144846796658,359,5009.7047353760445,5915.75208913649,neuron,neuron_V12D07-335_D1
18886,56.202643171806166,9.506607929515418,0.0220264317180616,2.762114537444934,227,5016.722466960352,5884.744493392071,neuron,neuron_V12D07-335_D1
18902,60.9625,4.85625,0.309375,5.565625,320,5021.0625,5927.25,neuron,neuron_V12D07-335_D1
18910,3.0309859154929577,2.7549295774647886,0.2591549295774648,39.04225352112676,355,5022.887323943662,6170.154929577465,oligo,oligo_V12D07-335_D1
18965,69.58100558659218,6.541899441340783,0.1843575418994413,5.164804469273743,358,5039.393854748603,5908.072625698324,neuron,neuron_V12D07-335_D1
18973,1.9095354523227384,1.1002444987775062,0.3325183374083129,122.21271393643032,409,5044.222493887531,6369.469437652811,oligo,oligo_V12D07-335_D1
18996,52.86166007905138,4.620553359683795,0.300395256916996,4.91699604743083,253,5049.830039525692,5896.671936758893,neuron,neuron_V12D07-335_D1
19132,57.080597014925374,12.217910447761192,0.0298507462686567,2.611940298507463,335,5080.182089552239,5888.844776119403,neuron,neuron_V12D07-335_D1
19167,49.48655256723716,7.278728606356968,0.1735941320293398,5.359413202933985,409,5091.18337408313,5875.271393643032,neuron,neuron_V12D07-335_D1
19301,3.8325688073394497,19.48394495412844,0.0435779816513761,4.564220183486238,436,5121.54128440367,5234.518348623853,other,other_V12D07-335_D1
19342,3.0,1.0557103064066853,0.3036211699164345,3.4206128133704734,359,5135.4150417827295,5312.409470752089,other,other_V12D07-335_D1
19454,4.002739726027397,6.172602739726028,0.1917808219178082,6.950684931506849,365,5160.282191780822,5237.86301369863,other,other_V12D07-335_D1
19480,5.526315789473684,17.645933014354068,0.0263157894736842,6.729665071770335,418,5173.334928229665,5257.212918660287,other,other_V12D07-335_D1
19507,1.385321100917431,2.825688073394496,0.3256880733944954,3.8142201834862384,436,5181.04128440367,5886.334862385321,other,other_V12D07-335_D1
19559,4.729128014842301,13.465677179962894,0.0278293135435992,5.068645640074212,539,5192.7031539888685,5268.634508348794,other,other_V12D07-335_D1
19567,5.0,6.186311787072244,0.1406844106463878,4.2965779467680605,263,5195.022813688213,5286.958174904943,other,other_V12D07-335_D1
19673,1.6073170731707318,3.373170731707317,0.3195121951219512,5.319512195121951,410,5219.953658536585,5281.175609756097,other,other_V12D07-335_D1
19685,2.366782006920415,2.754325259515571,2.01038062283737,111.10034602076124,289,5224.062283737024,6771.750865051903,oligo,oligo_V12D07-335_D1
19748,1.376068376068376,2.068376068376069,0.1965811965811965,4.017094017094017,117,5236.153846153846,5274.974358974359,other,other_V12D07-335_D1
19785,1.2125984251968505,4.374015748031496,0.1358267716535433,4.311023622047244,508,5258.342519685039,5291.183070866142,other,other_V12D07-335_D1
19788,2.171052631578948,2.107894736842105,0.5894736842105263,90.81315789473685,380,5249.702631578947,6530.726315789474,oligo,oligo_V12D07-335_D1
20853,57.935483870967744,6.670967741935484,0.0,2.296774193548387,155,5530.645161290323,5588.490322580645,neuron,neuron_V12D07-335_D1
20866,73.0546875,13.69140625,0.0,1.734375,256,5533.06640625,5385.9375,neuron,neuron_V12D07-335_D1
20944,6.878048780487805,43.0640243902439,0.2347560975609756,6.911585365853658,328,5556.298780487805,14587.82012195122,microglia,microglia_V12D07-335_D1
21203,4.836805555555555,56.364583333333336,0.5277777777777778,7.513888888888889,288,5620.027777777777,15048.815972222224,microglia,microglia_V12D07-335_D1
21248,25.43626062322946,14.23229461756374,0.0679886685552408,7.912181303116148,353,5637.558073654391,14533.01133144476,neuron,neuron_V12D07-335_D1
21268,2.308093994778068,2.2715404699738904,0.7180156657963447,129.2454308093995,383,5639.736292428199,7132.342036553525,oligo,oligo_V12D07-335_D1
21357,1.9054054054054053,3.2513513513513512,0.5891891891891892,135.67567567567568,370,5658.816216216216,6920.267567567567,oligo,oligo_V12D07-335_D1
21373,2.517006802721089,10.129251700680271,0.5612244897959183,28.700680272108844,294,5657.819727891157,7746.727891156463,oligo,oligo_V12D07-335_D1
21495,1.5313531353135317,0.7161716171617162,0.8085808580858086,111.88118811881188,303,5692.273927392739,6749.026402640264,oligo,oligo_V12D07-335_D1
21532,62.142857142857146,7.8957983193277315,0.0050420168067226,2.4789915966386555,595,5707.284033613445,5289.47731092437,neuron,neuron_V12D07-335_D1
21557,3.5883838383838382,4.595959595959596,7.777777777777778,42.23484848484848,396,5709.285353535353,7702.484848484848,oligo,oligo_V12D07-335_D1
21610,1.1901041666666667,3.9947916666666665,0.2239583333333333,96.2109375,384,5725.8359375,6773.838541666667,oligo,oligo_V12D07-335_D1
21742,0.9795081967213116,11.4672131147541,0.2254098360655737,62.78688524590164,244,5748.008196721312,7600.409836065573,oligo,oligo_V12D07-335_D1
21748,1.5718390804597702,1.264367816091954,1.6839080459770115,117.5919540229885,348,5752.422413793103,7512.359195402299,oligo,oligo_V12D07-335_D1
22053,2.018867924528302,17.816037735849058,0.1556603773584905,26.52358490566038,212,5819.023584905661,7721.896226415094,oligo,oligo_V12D07-335_D1
22490,4.661921708185053,7.836298932384341,0.1637010676156583,9.829181494661922,281,5934.419928825623,8029.526690391459,other,other_V12D07-335_D1
22503,7.143382352941177,10.661764705882351,2.786764705882353,8.03125,544,5941.922794117647,8054.768382352941,other,other_V12D07-335_D1
22524,6.521920668058455,6.843423799582464,2.150313152400835,5.467640918580376,479,5950.941544885178,8024.5093945720255,other,other_V12D07-335_D1
22589,8.296442687747035,9.84387351778656,2.114624505928853,8.063241106719367,506,5965.142292490119,8058.658102766798,other,other_V12D07-335_D1
22674,6.148337595907928,9.915601023017905,6.728900255754476,5.025575447570333,391,5984.4680306905375,8037.299232736573,other,other_V12D07-335_D1
22681,6.700315457413249,15.167192429022082,1.3659305993690851,9.55205047318612,317,5982.760252365931,8063.97476340694,other,other_V12D07-335_D1
22851,5.802469135802469,6.333333333333333,12.74320987654321,2.8123456790123456,405,6025.896296296296,8061.869135802469,other,other_V12D07-335_D1
22905,7.595842956120093,12.36027713625866,0.0577367205542725,6.454965357967668,433,6040.039260969977,8077.713625866051,other,other_V12D07-335_D1
23043,5.269230769230769,8.54102564102564,0.1025641025641025,9.256410256410255,390,6072.751282051282,8111.115384615385,other,other_V12D07-335_D1
23098,3.401015228426396,4.411167512690355,0.2436548223350254,6.0,197,6089.350253807107,8113.527918781726,other,other_V12D07-335_D1
23104,1.874251497005988,5.6946107784431135,0.6766467065868264,4.395209580838324,334,6093.326347305389,8135.233532934131,other,other_V12D07-335_D1
23134,6.614814814814815,16.77037037037037,0.4518518518518518,2.6222222222222222,135,6098.407407407408,8120.733333333334,other,other_V12D07-335_D1
23189,0.6875,1.0480769230769231,1.1394230769230769,3.0576923076923075,208,6115.557692307692,8143.990384615385,other,other_V12D07-335_D1
23332,1.5307692307692309,3.0153846153846158,1.3358974358974358,3.6974358974358976,390,6158.882051282051,8154.643589743589,other,other_V12D07-335_D1
23383,2.477272727272727,9.068181818181818,0.0779220779220779,3.9123376623376624,308,6171.032467532467,8144.149350649351,other,other_V12D07-335_D1
23452,7.415430267062314,9.379821958456974,0.3323442136498516,5.080118694362018,337,6190.676557863501,8150.646884272997,other,other_V12D07-335_D1
25018,0.7872340425531915,5.947990543735225,0.8628841607565012,2.32387706855792,423,6592.881796690307,7216.13475177305,other,other_V12D07-335_D1
25043,2.259786476868328,2.5587188612099645,2.0604982206405693,3.391459074733096,281,6597.213523131672,7381.864768683274,other,other_V12D07-335_D1
25100,2.608974358974359,3.0801282051282053,4.272435897435898,3.6378205128205128,312,6609.413461538462,7300.176282051282,other,other_V12D07-335_D1
25118,1.8102189781021896,3.857664233576642,1.332116788321168,3.572992700729927,274,6613.551094890511,7114.700729927007,other,other_V12D07-335_D1
25121,1.4025974025974026,2.633116883116883,4.857142857142857,3.4545454545454546,308,6616.314935064935,7138.438311688312,other,other_V12D07-335_D1
25143,3.323843416370107,3.97864768683274,1.5160142348754448,3.886120996441281,281,6620.590747330961,7294.199288256228,other,other_V12D07-335_D1
25153,2.1054852320675104,2.3248945147679323,7.219409282700422,3.4936708860759493,237,6625.607594936709,7127.426160337553,other,other_V12D07-335_D1
25171,58.58271604938272,3.1160493827160494,0.3308641975308642,4.945679012345679,405,6631.311111111111,7211.232098765432,neuron,neuron_V12D07-335_D1
25189,2.4607218683651806,2.484076433121019,9.031847133757962,3.252653927813164,471,6637.089171974522,7373.093418259024,other,other_V12D07-335_D1
25191,8.42816091954023,1.4281609195402298,14.488505747126435,1.0488505747126438,348,6636.278735632184,7110.537356321839,other,other_V12D07-335_D1
25211,2.0,1.879032258064516,5.770161290322581,3.612903225806452,248,6636.556451612903,7354.612903225807,other,other_V12D07-335_D1
25214,42.34151785714285,2.049107142857143,1.4285714285714286,3.4754464285714284,448,6644.446428571428,7175.321428571428,neuron,neuron_V12D07-335_D1
25276,49.49489795918368,5.459183673469388,0.1530612244897959,4.058673469387755,392,6656.311224489796,7235.910714285715,neuron,neuron_V12D07-335_D1
25366,52.750439367311074,11.0896309314587,0.0579964850615114,3.4305799648506152,569,6683.602811950791,7151.64323374341,neuron,neuron_V12D07-335_D1
25377,64.42932862190813,7.471731448763251,0.9081272084805654,3.784452296819788,566,6685.164310954064,7184.881625441696,neuron,neuron_V12D07-335_D1
25410,58.08540925266904,2.540925266903914,0.3879003558718861,4.839857651245552,281,6691.629893238434,7205.0391459074735,neuron,neuron_V12D07-335_D1
25515,44.18586387434555,4.824607329842932,1.7041884816753927,1.7591623036649215,382,6716.908376963351,7181.942408376964,neuron,neuron_V12D07-335_D1
25522,59.88421052631579,5.728947368421053,6.989473684210527,2.1342105263157896,380,6720.897368421052,7231.163157894737,neuron,neuron_V12D07-335_D1
26512,7.849180327868853,1.4491803278688524,0.2327868852459016,24.878688524590164,305,6950.1573770491805,2720.111475409836,oligo,oligo_V12D07-335_D1
26804,6.582089552238806,2.04179104477612,0.5970149253731343,28.03283582089552,335,7024.707462686567,2607.474626865672,oligo,oligo_V12D07-335_D1
26990,19.811827956989248,2.327956989247312,0.1451612903225806,92.0537634408602,372,7081.215053763441,2829.989247311828,oligo,oligo_V12D07-335_D1
27028,5.544483985765124,3.7437722419928825,0.2170818505338078,22.87900355871886,281,7090.928825622776,2685.320284697509,oligo,oligo_V12D07-335_D1
27107,4.378048780487805,1.0365853658536586,0.0975609756097561,3.7560975609756095,82,7106.134146341464,2858.609756097561,other,other_V12D07-335_D1
27252,6.530927835051546,7.855670103092783,66.26288659793815,2.814432989690722,194,7146.262886597938,13393.855670103092,astrocyte,astrocyte_V12D07-335_D1
27276,4.483644859813084,5.30607476635514,39.677570093457945,54.77570093457944,428,7156.123831775701,13413.296728971962,oligo,oligo_V12D07-335_D1
27538,7.842105263157895,5.080701754385965,0.0684210526315789,3.0701754385964914,570,7225.478947368421,2933.856140350877,other,other_V12D07-335_D1
27987,57.735416666666666,2.5375,1.13125,3.1166666666666667,480,7345.372916666666,2254.2145833333334,neuron,neuron_V12D07-335_D1
28202,1.781021897810219,48.613138686131386,0.0,0.0,137,7396.78102189781,2379.116788321168,neuron,neuron_V12D07-335_D1
28359,8.646437994722955,3.2242744063324538,0.4617414248021108,88.25065963060686,379,7442.23746701847,2218.910290237467,oligo,oligo_V12D07-335_D1
28430,65.91913214990139,8.406311637080869,0.0157790927021696,4.043392504930966,507,7458.877712031558,2443.122287968442,neuron,neuron_V12D07-335_D1
28550,99.4847250509165,7.993890020366599,0.0631364562118126,6.279022403258656,491,7492.187372708758,2050.152749490835,neuron,neuron_V12D07-335_D1
28688,5.553571428571429,2.889880952380953,0.0863095238095238,107.20238095238096,336,7524.175595238095,2784.053571428572,oligo,oligo_V12D07-335_D1
28701,5.952095808383233,7.676646706586826,0.0059880239520958,41.59880239520958,334,7528.733532934131,2864.2994011976048,oligo,oligo_V12D07-335_D1
28829,8.719794344473007,6.048843187660668,0.5115681233933161,104.47814910025708,389,7564.650385604113,2088.3470437017995,oligo,oligo_V12D07-335_D1
28995,69.06214689265536,4.782485875706215,0.0084745762711864,3.6186440677966094,354,7605.805084745762,2252.776836158192,neuron,neuron_V12D07-335_D1
29092,11.533834586466163,8.191729323308271,0.0676691729323308,52.28947368421053,266,7625.793233082707,2605.9736842105262,oligo,oligo_V12D07-335_D1
29136,12.267441860465116,7.658914728682171,0.1589147286821705,90.53488372093024,258,7640.147286821705,2602.9767441860463,oligo,oligo_V12D07-335_D1
29557,11.855614973262032,8.893048128342246,50.56149732620321,0.7165775401069518,187,7740.310160427807,13165.213903743315,astrocyte,astrocyte_V12D07-335_D1
29774,2.5,35.3268156424581,5.720670391061453,2.583798882681564,358,7794.125698324023,15008.195530726258,neuron,neuron_V12D07-335_D1
30082,6.756521739130434,4.269565217391304,46.22608695652174,0.1391304347826087,115,7869.773913043478,13463.304347826086,astrocyte,astrocyte_V12D07-335_D1
30506,10.387755102040815,9.571428571428571,68.76190476190476,0.1496598639455782,147,7981.863945578231,13336.61224489796,astrocyte,astrocyte_V12D07-335_D1
34099,8.436482084690553,5.801302931596092,34.586319218241044,1.723127035830619,307,8702.465798045603,13165.016286644952,astrocyte,astrocyte_V12D07-335_D1
34105,5.946466809421842,5.0513918629550325,44.19271948608137,0.3383297644539614,467,8705.297644539614,13833.537473233404,astrocyte,astrocyte_V12D07-335_D1
34863,8.608832807570979,7.495268138801261,43.981072555205046,1.77602523659306,317,8917.943217665616,13375.870662460567,astrocyte,astrocyte_V12D07-335_D1
35120,10.081395348837209,9.534883720930232,77.24418604651163,0.0581395348837209,86,8988.67441860465,12814.56976744186,astrocyte,astrocyte_V12D07-335_D1
36126,4.608187134502924,6.95906432748538,0.0994152046783625,1.91812865497076,171,9256.923976608186,11576.818713450291,neuron,neuron_V12D07-335_D1
38569,0.99,25.63,5.04,2.48,100,9813.97,9457.81,microglia,microglia_V12D07-335_D1
39337,3.590443686006826,42.27303754266212,6.470989761092151,5.337883959044369,293,9995.733788395904,8681.928327645051,microglia,microglia_V12D07-335_D1
39503,2.084468664850136,24.85558583106267,8.455040871934605,5.683923705722071,367,10038.452316076296,8526.926430517711,microglia,microglia_V12D07-335_D1
43447,5.9534005037783375,4.076826196473552,24.193954659949625,2.4093198992443323,794,10961.120906801008,9146.938287153653,astrocyte,astrocyte_V12D07-335_D1
44427,1.8811659192825112,4.511210762331839,4.322869955156951,57.10762331838565,446,11198.847533632286,9670.195067264574,oligo,oligo_V12D07-335_D1
44482,0.6724137931034483,6.474137931034483,3.155172413793104,63.043103448275865,232,11208.487068965518,9652.508620689656,oligo,oligo_V12D07-335_D1
44615,0.5510204081632653,1.398886827458256,5.623376623376624,50.0278293135436,539,11252.807050092764,9524.278293135436,oligo,oligo_V12D07-335_D1
44712,1.4300341296928327,3.5597269624573378,9.832764505119457,57.098976109215016,293,11270.778156996586,9633.331058020478,oligo,oligo_V12D07-335_D1
44777,0.75,3.1161971830985915,4.77112676056338,72.71830985915493,284,11290.172535211268,9625.591549295774,oligo,oligo_V12D07-335_D1
44924,0.9851301115241636,2.009293680297398,6.211895910780669,51.86431226765799,538,11333.379182156134,9529.440520446096,oligo,oligo_V12D07-335_D1
44998,1.1394736842105264,2.273684210526316,5.573684210526316,47.276315789473685,380,11351.184210526317,9563.331578947367,oligo,oligo_V12D07-335_D1
46213,2.9556451612903225,2.786290322580645,13.991935483870968,8.838709677419354,248,11682.745967741936,10059.258064516129,astrocyte,astrocyte_V12D07-335_D1
46665,69.46901172529313,9.407035175879397,0.355108877721943,2.7001675041876045,597,11809.7202680067,2014.8040201005024,neuron,neuron_V12D07-335_D1
46863,79.01995565410199,10.0,0.2150776053215077,8.048780487804878,451,11858.676274944568,2108.121951219512,neuron,neuron_V12D07-335_D1
46894,76.39962121212122,19.95075757575757,0.0,1.831439393939394,528,11872.839015151516,2068.590909090909,neuron,neuron_V12D07-335_D1
47643,78.84126984126983,14.412698412698411,0.3968253968253968,1.984126984126984,63,12057.079365079366,2347.0793650793653,neuron,neuron_V12D07-335_D1
48331,2.696296296296296,2.803703703703704,7.337037037037037,54.44074074074074,270,12248.492592592593,13054.88148148148,oligo,oligo_V12D07-335_D1
48447,3.706601466992665,4.503667481662592,13.80684596577017,77.08312958435208,409,12287.161369193154,12991.0684596577,oligo,oligo_V12D07-335_D1
48681,4.163682864450128,3.3810741687979537,7.792838874680307,52.63682864450128,391,12357.51662404092,13044.053708439898,oligo,oligo_V12D07-335_D1
48753,4.017021276595744,1.7702127659574467,6.74468085106383,109.0595744680851,235,12374.1914893617,13034.710638297873,oligo,oligo_V12D07-335_D1
48754,4.055900621118012,1.8633540372670807,7.065217391304348,87.44099378881988,322,12374.037267080745,13051.965838509315,oligo,oligo_V12D07-335_D1
48883,1.3156424581005586,1.2569832402234635,16.61173184357542,77.0391061452514,358,12418.628491620111,13497.393854748603,oligo,oligo_V12D07-335_D1
49210,1.5593220338983051,1.8559322033898304,13.477401129943503,78.34180790960453,354,12518.104519774011,13494.21186440678,oligo,oligo_V12D07-335_D1
49305,62.10798122065728,18.347417840375588,0.1924882629107981,0.2957746478873239,213,12550.774647887323,3234.042253521127,neuron,neuron_V12D07-335_D1
49329,10.131221719457011,18.23076923076923,9.855203619909505,2.751131221719457,221,12556.239819004524,13406.995475113124,astrocyte,astrocyte_V12D07-335_D1
49399,36.13877551020408,10.66938775510204,0.0183673469387755,1.3877551020408163,490,12584.859183673469,3120.1877551020407,neuron,neuron_V12D07-335_D1
49486,5.053763440860215,3.767025089605735,28.93548387096774,1.6308243727598566,279,12609.440860215054,13392.68458781362,astrocyte,astrocyte_V12D07-335_D1
49496,8.154255319148936,5.654255319148936,34.776595744680854,0.1808510638297872,188,12608.037234042553,12831.260638297872,astrocyte,astrocyte_V12D07-335_D1
49500,7.0212765957446805,4.691489361702128,27.925531914893615,0.4148936170212766,94,12607.021276595744,12842.36170212766,astrocyte,astrocyte_V12D07-335_D1
49624,27.223168654173765,2.9540034071550254,0.2964224872231686,3.2640545144804087,587,12655.836456558773,3169.0187393526408,neuron,neuron_V12D07-335_D1
49688,1.9828009828009827,3.373464373464373,7.1547911547911545,104.1867321867322,407,12666.154791154791,13543.882063882063,oligo,oligo_V12D07-335_D1
50059,3.287313432835821,4.048507462686567,15.01865671641791,63.548507462686565,268,12772.119402985074,13411.04104477612,oligo,oligo_V12D07-335_D1
50095,1.6549295774647887,2.26056338028169,5.563380281690141,128.8556338028169,284,12783.654929577464,13139.11971830986,oligo,oligo_V12D07-335_D1
50135,28.33941605839416,1.8941605839416056,0.010948905109489,2.708029197080292,274,12794.89416058394,10956.981751824818,neuron,neuron_V12D07-335_D1
50155,50.05089058524173,7.323155216284987,2.2646310432569976,2.053435114503817,393,12810.335877862595,3308.323155216285,neuron,neuron_V12D07-335_D1
50156,2.2311557788944723,7.185929648241206,9.35678391959799,115.3718592964824,199,12799.492462311558,13134.557788944723,oligo,oligo_V12D07-335_D1
50161,2.438775510204082,7.979591836734694,22.4234693877551,5.6938775510204085,196,12803.88775510204,13149.005102040815,astrocyte,astrocyte_V12D07-335_D1
50195,1.8505434782608696,2.3505434782608696,12.269021739130435,65.24184782608695,368,12813.076086956522,13134.326086956522,oligo,oligo_V12D07-335_D1
50468,37.73037542662116,7.522184300341297,0.4744027303754266,7.426621160409557,293,12896.112627986347,10895.191126279864,neuron,neuron_V12D07-335_D1
50571,55.00657894736842,32.08552631578947,0.0,9.460526315789474,152,12922.440789473683,10932.901315789471,neuron,neuron_V12D07-335_D1
50794,5.661721068249258,2.908011869436202,25.04451038575668,1.6795252225519288,337,12995.798219584569,12589.94065281899,astrocyte,astrocyte_V12D07-335_D1
51107,30.513812154696133,3.0607734806629834,0.2265193370165746,4.359116022099448,181,13102.171270718232,10771.696132596686,neuron,neuron_V12D07-335_D1
51336,28.76775431861804,5.046065259117083,0.508637236084453,5.81957773512476,521,13190.81190019194,4408.31669865643,neuron,neuron_V12D07-335_D1
51778,26.35820895522388,2.1592039800995027,0.4776119402985074,1.945273631840796,201,13337.442786069652,4373.243781094528,neuron,neuron_V12D07-335_D1
51808,17.59722222222222,7.701388888888889,0.421875,2.657986111111111,576,13345.918402777776,4461.730902777777,neuron,neuron_V12D07-335_D1
52502,64.178,4.894,1.408,2.976,500,13565.728,4925.462,neuron,neuron_V12D07-335_D1
53145,52.06916996047431,18.557312252964422,0.0,0.2430830039525691,506,13764.798418972332,4960.869565217391,neuron,neuron_V12D07-335_D1
53151,66.7621247113164,5.757505773672055,0.6327944572748267,5.515011547344111,433,13766.750577367206,3929.9769053117775,neuron,neuron_V12D07-335_D1
53476,54.577507598784194,8.957446808510639,15.58966565349544,3.1003039513677813,329,13863.905775075988,4296.574468085107,neuron,neuron_V12D07-335_D1
53549,5.187311178247734,5.996978851963746,12.365558912386708,39.38368580060423,331,13884.706948640483,3972.29003021148,oligo,oligo_V12D07-335_D1
53608,5.6938775510204085,7.849489795918367,3.1377551020408165,67.8265306122449,392,13905.206632653062,3867.589285714286,oligo,oligo_V12D07-335_D1
53675,3.125,8.680921052631579,5.667763157894737,66.6875,304,13926.4375,3998.1644736842095,oligo,oligo_V12D07-335_D1
53728,3.766016713091922,4.002785515320334,11.448467966573816,99.64066852367688,359,13946.66852367688,4005.83008356546,oligo,oligo_V12D07-335_D1
53888,5.054347826086956,4.440217391304348,17.932971014492754,63.19202898550725,552,13998.135869565218,4278.342391304348,oligo,oligo_V12D07-335_D1
54144,3.253481894150418,1.9331476323119776,6.885793871866295,60.43454038997214,359,14067.961002785516,4302.520891364902,oligo,oligo_V12D07-335_D1
54416,4.794202898550725,5.744927536231884,34.83768115942029,0.1652173913043478,345,14141.965217391304,12772.608695652174,astrocyte,astrocyte_V12D07-335_D1
54515,3.765060240963856,2.6295180722891565,27.795180722891565,60.5,332,14170.927710843374,12925.298192771084,astrocyte,astrocyte_V12D07-335_D1
55495,4.449832775919733,5.182274247491639,23.88294314381271,2.4147157190635453,598,14479.076923076924,10156.44983277592,astrocyte,astrocyte_V12D07-335_D1
55872,1.3706896551724137,1.206896551724138,37.91379310344828,0.043103448275862,116,14577.129310344828,12661.43103448276,astrocyte,astrocyte_V12D07-335_D1
55987,5.26980198019802,10.490099009900993,47.25990099009901,0.0643564356435643,404,14617.287128712873,12532.217821782178,astrocyte,astrocyte_V12D07-335_D1
56935,9.379008746355684,13.448979591836734,138.6997084548105,0.0,343,14907.078717201166,9308.626822157434,astrocyte,astrocyte_V12D07-335_D1
57125,6.260450160771704,5.668810289389068,61.81993569131833,31.758842443729904,311,14962.0,9370.173633440514,astrocyte,astrocyte_V12D07-335_D1
59641,2.8767441860465115,5.106976744186047,63.26976744186047,0.0116279069767441,430,15657.079069767442,10920.427906976744,astrocyte,astrocyte_V12D07-335_D1
61017,0.6303724928366762,11.335243553008596,8.01432664756447,59.95988538681949,349,16002.521489971346,7246.017191977077,oligo,oligo_V12D07-335_D1
61080,0.4705882352941176,26.16176470588235,3.669117647058824,114.07352941176472,272,16015.650735294115,7261.606617647059,oligo,oligo_V12D07-335_D1
61338,5.979351032448378,13.156342182890857,3.0678466076696167,51.78466076696165,339,16090.486725663715,7633.867256637168,oligo,oligo_V12D07-335_D1
61402,0.9831460674157304,1.896067415730337,5.707865168539326,71.02808988764045,356,16109.873595505618,7618.733146067416,oligo,oligo_V12D07-335_D1
61436,1.4414414414414414,2.5022522522522523,5.18018018018018,67.87612612612612,444,16120.853603603604,7602.243243243243,oligo,oligo_V12D07-335_D1
63188,5.6169491525423725,10.589830508474575,1.7322033898305085,10.938983050847458,295,16681.277966101694,7547.949152542373,other,other_V12D07-335_D1
63192,3.947368421052632,3.3909774436090228,0.8157894736842105,9.296992481203008,266,16679.8007518797,7812.413533834587,other,other_V12D07-335_D1
63200,2.2042440318302385,2.5623342175066317,0.9018567639257294,9.79840848806366,377,16688.36074270557,7861.424403183024,other,other_V12D07-335_D1
63205,2.8359621451104102,3.242902208201893,1.5173501577287063,10.334384858044164,317,16682.179810725553,7832.77287066246,other,other_V12D07-335_D1
63216,5.00314465408805,6.767295597484277,0.610062893081761,14.647798742138365,318,16690.25786163522,7587.726415094339,other,other_V12D07-335_D1
63223,3.779279279279279,5.108108108108108,1.1891891891891893,12.91891891891892,444,16693.207207207208,7471.668918918919,other,other_V12D07-335_D1
63224,5.4423076923076925,6.811965811965812,1.5064102564102564,13.63034188034188,468,16694.153846153848,7535.3376068376065,other,other_V12D07-335_D1
63228,7.334763948497854,4.9957081545064375,3.1759656652360517,12.866952789699573,233,16691.236051502146,7804.270386266095,other,other_V12D07-335_D1
63229,4.299610894941634,5.038910505836576,0.7159533073929961,10.3579766536965,257,16692.175097276264,7845.875486381323,other,other_V12D07-335_D1
63254,5.281021897810219,4.857664233576642,1.131386861313869,13.076642335766424,274,16704.07299270073,7840.58394160584,other,other_V12D07-335_D1
63349,3.285285285285285,3.099099099099099,0.5345345345345346,10.663663663663664,333,16736.795795795795,7880.846846846847,other,other_V12D07-335_D1
63493,4.635087719298245,3.828070175438597,0.1122807017543859,5.5017543859649125,285,16800.99298245614,7862.38596491228,other,other_V12D07-335_D1
63520,4.974226804123711,2.685567010309278,0.7835051546391752,7.030927835051546,194,16818.24226804124,7336.886597938144,other,other_V12D07-335_D1
63532,0.2844243792325056,1.0270880361173815,0.2641083521444695,3.379232505643341,443,16824.896162528217,7833.720090293454,other,other_V12D07-335_D1
63554,9.868073878627968,7.395778364116095,0.4432717678100263,8.96042216358839,379,16833.8364116095,7365.398416886544,other,other_V12D07-335_D1
63626,3.2989690721649483,2.8711340206185567,0.1494845360824742,4.072164948453608,194,16870.886597938144,7358.855670103093,other,other_V12D07-335_D1
63632,7.032467532467533,4.787878787878788,0.7510822510822511,7.874458874458875,462,16881.465367965367,7305.12987012987,other,other_V12D07-335_D1
63698,3.661825726141079,2.230290456431536,1.6265560165975104,4.9004149377593365,482,16905.82572614108,7161.136929460581,other,other_V12D07-335_D1
